main_key,min,max,mean,std,time,best
random_steepest_edges,46684.0,53727.0,50063.015,1231.4939320902074,47.327024936676025,"[117, 196, 192, 21, 142, 130, 174, 51, 91, 70, 140, 148, 141, 53, 113, 69, 115, 82, 63, 8, 14, 52, 16, 172, 95, 19, 190, 198, 135, 0, 169, 66, 128, 178, 167, 5, 34, 183, 197, 92, 122, 143, 179, 127, 24, 121, 131, 50, 43, 99, 57, 146, 41, 102, 37, 165, 154, 134, 25, 36, 137, 88, 55, 4, 153, 80, 145, 136, 73, 33, 29, 18, 132, 185, 189, 170, 181, 147, 159, 64, 129, 89, 58, 171, 72, 114, 67, 126, 158, 162, 150, 44, 71, 193, 119, 59, 97, 107, 12, 139]"
