main_key,min,max,mean,std,time,iterations,best
random:False_ls:True,44449.0,45556.0,45268.15,264.06879312027763,45.14673506021499,0.24295,"[129, 89, 58, 171, 72, 85, 166, 59, 119, 193, 71, 44, 150, 162, 158, 114, 126, 67, 45, 3, 156, 91, 70, 51, 174, 188, 140, 148, 141, 130, 13, 142, 21, 192, 117, 196, 139, 97, 107, 12, 52, 132, 18, 16, 172, 95, 19, 190, 198, 135, 169, 66, 26, 34, 183, 197, 92, 122, 143, 179, 31, 101, 42, 38, 103, 131, 121, 127, 24, 50, 43, 99, 146, 137, 37, 165, 123, 154, 134, 25, 36, 88, 55, 4, 153, 80, 157, 145, 79, 136, 61, 73, 185, 47, 189, 170, 181, 147, 159, 64]"
random:False_ls:False,45901.0,50732.0,48249.85,1467.2853940184914,45.106732070446014,0.0,"[153, 4, 55, 88, 137, 165, 37, 102, 99, 57, 0, 169, 66, 128, 26, 92, 122, 127, 24, 121, 143, 179, 197, 183, 34, 5, 2, 182, 163, 40, 115, 8, 63, 82, 69, 113, 32, 53, 13, 142, 130, 141, 148, 140, 188, 161, 174, 51, 70, 91, 156, 3, 78, 45, 67, 126, 114, 72, 85, 171, 58, 89, 129, 159, 147, 64, 28, 166, 110, 158, 162, 150, 44, 117, 196, 71, 193, 119, 59, 97, 107, 12, 52, 132, 185, 73, 136, 33, 29, 18, 16, 172, 95, 135, 198, 19, 190, 145, 157, 80]"
