main_key,min,max,mean,std,time,best
random_greedy_nodes,17887.0,17887.0,17887.0,0.0,0.009076356887817383,"[38, 16, 32, 36, 29, 37, 34, 17, 22, 30, 12, 4, 8, 23, 26, 14, 28, 13, 19, 27]"
random_greedy_edges,19903.0,19903.0,19903.0,0.0,0.004967212677001953,"[34, 18, 29, 36, 32, 11, 10, 0, 1, 35, 16, 8, 4, 23, 26, 28, 30, 22, 17, 20]"
random_steepest_nodes,18908.0,18908.0,18908.0,0.0,0.018970251083374023,"[26, 23, 27, 29, 36, 32, 16, 38, 24, 19, 8, 12, 30, 37, 20, 34, 17, 22, 31, 28]"
random_steepest_edges,16394.0,16394.0,16394.0,0.0,0.02603745460510254,"[22, 17, 34, 2, 18, 37, 38, 16, 29, 36, 11, 33, 0, 27, 19, 8, 23, 28, 26, 30]"
best_greedy_nodes,17797.0,17797.0,17797.0,0.0,0.011434078216552734,"[3, 16, 35, 27, 1, 21, 15, 23, 8, 19, 38, 24, 29, 36, 32, 11, 33, 5, 10, 0]"
best_greedy_edges,17797.0,17797.0,17797.0,0.0,0.008365154266357422,"[3, 16, 35, 27, 1, 21, 15, 23, 8, 19, 38, 24, 29, 36, 32, 11, 33, 5, 10, 0]"
best_steepest_nodes,18055.0,18055.0,18055.0,0.0,0.008472681045532227,"[3, 0, 35, 27, 1, 21, 15, 23, 8, 19, 38, 24, 29, 36, 32, 11, 5, 33, 10, 16]"
best_steepest_edges,18055.0,18055.0,18055.0,0.0,0.008922100067138672,"[3, 0, 35, 27, 1, 21, 15, 23, 8, 19, 38, 24, 29, 36, 32, 11, 5, 33, 10, 16]"
